# column 0 is pixels, column 1 is signal
0.000000000000000000e+00,3.248697916666666297e-01
1.000000000000000000e+00,3.912760416666667962e-01
2.000000000000000000e+00,2.421875000000000555e-01
3.000000000000000000e+00,2.988281250000001110e-01
4.000000000000000000e+00,4.026692708333332593e-01
5.000000000000000000e+00,3.115234374999998890e-01
6.000000000000000000e+00,4.329427083333333148e-01
7.000000000000000000e+00,3.294270833333334814e-01
8.000000000000000000e+00,2.597656250000000555e-01
9.000000000000000000e+00,2.454427083333333148e-01
1.000000000000000000e+01,1.936848958333333703e-01
1.100000000000000000e+01,2.050781250000000278e-01
1.200000000000000000e+01,1.656901041666666019e-01
1.300000000000000000e+01,1.975911458333333703e-01
1.400000000000000000e+01,1.396484375000000278e-01
1.500000000000000000e+01,1.826171875000000000e-01
1.600000000000000000e+01,1.904296875000000000e-01
1.700000000000000000e+01,1.246744791666666713e-01
1.800000000000000000e+01,1.611328125000000000e-01
1.900000000000000000e+01,1.914062499999999722e-01
2.000000000000000000e+01,1.783854166666666574e-01
2.100000000000000000e+01,2.513020833333333703e-01
2.200000000000000000e+01,2.304687499999999722e-01
2.300000000000000000e+01,2.050781250000000278e-01
2.400000000000000000e+01,1.412760416666666297e-01
2.500000000000000000e+01,1.800130208333333703e-01
2.600000000000000000e+01,1.634114583333333148e-01
2.700000000000000000e+01,1.406250000000000278e-01
2.800000000000000000e+01,7.519531250000000000e-02
2.900000000000000000e+01,1.425781249999999722e-01
3.000000000000000000e+01,1.702473958333333148e-01
3.100000000000000000e+01,1.152343749999999861e-01
3.200000000000000000e+01,9.733072916666667129e-02
3.300000000000000000e+01,4.817708333333333565e-02
3.400000000000000000e+01,9.309895833333332871e-02
3.500000000000000000e+01,7.714843750000000000e-02
3.600000000000000000e+01,5.794270833333333565e-02
3.700000000000000000e+01,1.223958333333333703e-01
3.800000000000000000e+01,1.295572916666666574e-01
3.900000000000000000e+01,9.895833333333330095e-02
4.000000000000000000e+01,1.162109375000000000e-01
4.100000000000000000e+01,7.063802083333332871e-02
4.200000000000000000e+01,1.057942708333333426e-01
4.300000000000000000e+01,8.821614583333334259e-02
4.400000000000000000e+01,5.598958333333333565e-02
4.500000000000000000e+01,8.170572916666668517e-02
4.600000000000000000e+01,5.436197916666667129e-02
4.700000000000000000e+01,6.640625000000000000e-02
4.800000000000000000e+01,1.074218750000000000e-01
4.900000000000000000e+01,1.292317708333333426e-01
5.000000000000000000e+01,2.353515625000000278e-01
5.100000000000000000e+01,1.682942708333333148e-01
5.200000000000000000e+01,1.126302083333333426e-01
5.300000000000000000e+01,9.179687500000000000e-02
5.400000000000000000e+01,6.542968749999998612e-02
5.500000000000000000e+01,5.957031249999998612e-02
5.600000000000000000e+01,6.542968749999998612e-02
5.700000000000000000e+01,1.181640625000000000e-01
5.800000000000000000e+01,7.779947916666667129e-02
5.900000000000000000e+01,7.975260416666665741e-02
6.000000000000000000e+01,1.204427083333333287e-01
6.100000000000000000e+01,7.454427083333334259e-02
6.200000000000000000e+01,1.031901041666666574e-01
6.300000000000000000e+01,1.367187500000000000e-01
6.400000000000000000e+01,7.845052083333332871e-02
6.500000000000000000e+01,9.505208333333332871e-02
6.600000000000000000e+01,1.324869791666666574e-01
6.700000000000000000e+01,8.854166666666668517e-02
6.800000000000000000e+01,9.212239583333332871e-02
6.900000000000000000e+01,8.984375000000000000e-02
7.000000000000000000e+01,1.132812500000000000e-01
7.100000000000000000e+01,8.040364583333332871e-02
7.200000000000000000e+01,8.951822916666665741e-02
7.300000000000000000e+01,6.054687499999998612e-02
7.400000000000000000e+01,5.924479166666667129e-02
7.500000000000000000e+01,9.309895833333332871e-02
7.600000000000000000e+01,1.064453124999999861e-01
7.700000000000000000e+01,7.128906250000000000e-02
7.800000000000000000e+01,8.365885416666668517e-02
7.900000000000000000e+01,7.812499999999998612e-02
8.000000000000000000e+01,6.998697916666668517e-02
8.100000000000000000e+01,1.136067708333333287e-01
8.200000000000000000e+01,1.282552083333333148e-01
8.300000000000000000e+01,6.542968750000000000e-02
8.400000000000000000e+01,6.282552083333332871e-02
8.500000000000000000e+01,7.291666666666665741e-02
8.600000000000000000e+01,7.194010416666665741e-02
8.700000000000000000e+01,5.729166666666667129e-02
8.800000000000000000e+01,3.776041666666667129e-02
8.900000000000000000e+01,4.915364583333333565e-02
9.000000000000000000e+01,7.096354166666667129e-02
9.100000000000000000e+01,9.309895833333334259e-02
9.200000000000000000e+01,6.640624999999998612e-02
9.300000000000000000e+01,2.832031250000000000e-02
9.400000000000000000e+01,7.519531250000000000e-02
9.500000000000000000e+01,5.989583333333332871e-02
9.600000000000000000e+01,5.631510416666666435e-02
9.700000000000000000e+01,5.566406250000000694e-02
9.800000000000000000e+01,4.980468750000000694e-02
9.900000000000000000e+01,7.324218750000001388e-02
1.000000000000000000e+02,5.761718750000000000e-02
1.010000000000000000e+02,1.123046875000000000e-01
1.020000000000000000e+02,3.320312499999999306e-02
1.030000000000000000e+02,3.613281250000000000e-02
1.040000000000000000e+02,9.700520833333334259e-02
1.050000000000000000e+02,1.132812500000000000e-01
1.060000000000000000e+02,1.210937499999999861e-01
1.070000000000000000e+02,9.049479166666665741e-02
1.080000000000000000e+02,1.152343749999999861e-01
1.090000000000000000e+02,9.114583333333331483e-02
1.100000000000000000e+02,7.096354166666665741e-02
1.110000000000000000e+02,9.895833333333334259e-02
1.120000000000000000e+02,7.552083333333332871e-02
1.130000000000000000e+02,3.873697916666667129e-02
1.140000000000000000e+02,5.533854166666666435e-02
1.150000000000000000e+02,7.226562500000000000e-02
1.160000000000000000e+02,3.645833333333333565e-02
1.170000000000000000e+02,2.539062500000000347e-02
1.180000000000000000e+02,3.450520833333333565e-02
1.190000000000000000e+02,1.009114583333333391e-02
1.200000000000000000e+02,1.692708333333333218e-02
1.210000000000000000e+02,3.027343750000000000e-02
1.220000000000000000e+02,2.766927083333332871e-02
1.230000000000000000e+02,4.947916666666665741e-02
1.240000000000000000e+02,5.826822916666667129e-02
1.250000000000000000e+02,2.050781250000000000e-02
1.260000000000000000e+02,3.483072916666666435e-02
1.270000000000000000e+02,3.645833333333332871e-02
1.280000000000000000e+02,5.891927083333334259e-02
1.290000000000000000e+02,4.329427083333333565e-02
1.300000000000000000e+02,4.915364583333333565e-02
1.310000000000000000e+02,2.669270833333333218e-02
1.320000000000000000e+02,2.246093750000000000e-02
1.330000000000000000e+02,4.492187500000000000e-02
1.340000000000000000e+02,4.785156250000000000e-02
1.350000000000000000e+02,4.980468750000000000e-02
1.360000000000000000e+02,4.817708333333333565e-02
1.370000000000000000e+02,3.483072916666666435e-02
1.380000000000000000e+02,4.557291666666666435e-02
1.390000000000000000e+02,5.533854166666667129e-02
1.400000000000000000e+02,4.947916666666667129e-02
1.410000000000000000e+02,4.036458333333333565e-02
1.420000000000000000e+02,7.063802083333334259e-02
1.430000000000000000e+02,9.700520833333334259e-02
1.440000000000000000e+02,6.510416666666667129e-02
1.450000000000000000e+02,5.305989583333333565e-02
1.460000000000000000e+02,4.264322916666666435e-02
1.470000000000000000e+02,4.882812500000000000e-02
1.480000000000000000e+02,9.960937500000000000e-02
1.490000000000000000e+02,8.528645833333332871e-02
1.500000000000000000e+02,1.035156249999999722e-01
1.510000000000000000e+02,5.208333333333333565e-02
1.520000000000000000e+02,3.450520833333332871e-02
1.530000000000000000e+02,4.947916666666666435e-02
1.540000000000000000e+02,4.427083333333332871e-02
1.550000000000000000e+02,5.305989583333334259e-02
1.560000000000000000e+02,6.510416666666665741e-02
1.570000000000000000e+02,5.273437499999999306e-02
1.580000000000000000e+02,4.785156250000000000e-02
1.590000000000000000e+02,7.324218749999998612e-02
1.600000000000000000e+02,2.994791666666667129e-02
1.610000000000000000e+02,2.734374999999999653e-02
1.620000000000000000e+02,2.799479166666666435e-02
1.630000000000000000e+02,4.394531250000000000e-02
1.640000000000000000e+02,2.832031250000000000e-02
1.650000000000000000e+02,3.645833333333333565e-02
1.660000000000000000e+02,5.240885416666666435e-02
1.670000000000000000e+02,2.929687500000000434e-03
1.680000000000000000e+02,2.050781250000000000e-02
1.690000000000000000e+02,3.417968750000000000e-02
1.700000000000000000e+02,4.296875000000000000e-02
1.710000000000000000e+02,4.720052083333333565e-02
1.720000000000000000e+02,6.998697916666665741e-02
1.730000000000000000e+02,4.394531250000000694e-02
1.740000000000000000e+02,6.705729166666665741e-02
1.750000000000000000e+02,6.998697916666668517e-02
1.760000000000000000e+02,2.701822916666666435e-02
1.770000000000000000e+02,3.841145833333333565e-02
1.780000000000000000e+02,4.329427083333333565e-02
1.790000000000000000e+02,3.255208333333332871e-02
1.800000000000000000e+02,2.083333333333333218e-02
1.810000000000000000e+02,6.152343749999999306e-02
1.820000000000000000e+02,5.631510416666667129e-02
1.830000000000000000e+02,3.352864583333333565e-02
1.840000000000000000e+02,3.743489583333333565e-02
1.850000000000000000e+02,2.083333333333333218e-02
1.860000000000000000e+02,3.190104166666667129e-02
1.870000000000000000e+02,2.929687500000000347e-02
1.880000000000000000e+02,3.548177083333333565e-02
1.890000000000000000e+02,7.096354166666667129e-02
1.900000000000000000e+02,6.835937500000001388e-02
1.910000000000000000e+02,3.808593750000000000e-02
1.920000000000000000e+02,2.376302083333333218e-02
1.930000000000000000e+02,2.180989583333333218e-02
1.940000000000000000e+02,1.985677083333333218e-02
1.950000000000000000e+02,1.985677083333333218e-02
1.960000000000000000e+02,3.710937499999999306e-02
1.970000000000000000e+02,1.855468750000000000e-02
1.980000000000000000e+02,1.822916666666666782e-02
1.990000000000000000e+02,2.148437500000000000e-02
2.000000000000000000e+02,3.645833333333332871e-02
2.010000000000000000e+02,1.302083333333333391e-02
2.020000000000000000e+02,1.399739583333333565e-02
2.030000000000000000e+02,1.790364583333333218e-02
2.040000000000000000e+02,2.669270833333333218e-02
2.050000000000000000e+02,1.660156250000000000e-02
2.060000000000000000e+02,2.213541666666666435e-02
2.070000000000000000e+02,5.110677083333332871e-02
2.080000000000000000e+02,3.190104166666667129e-02
2.090000000000000000e+02,2.050781250000000000e-02
2.100000000000000000e+02,2.148437500000000000e-02
2.110000000000000000e+02,8.789062500000000000e-03
2.120000000000000000e+02,4.329427083333332871e-02
2.130000000000000000e+02,4.296875000000000000e-02
2.140000000000000000e+02,5.240885416666667129e-02
2.150000000000000000e+02,4.947916666666666435e-02
2.160000000000000000e+02,2.734375000000000000e-02
2.170000000000000000e+02,1.334635416666666609e-02
2.180000000000000000e+02,8.138020833333333912e-03
2.190000000000000000e+02,7.812500000000000000e-03
2.200000000000000000e+02,3.255208333333333565e-02
2.210000000000000000e+02,1.985677083333333218e-02
2.220000000000000000e+02,8.789062500000000000e-03
2.230000000000000000e+02,6.510416666666666956e-03
2.240000000000000000e+02,2.376302083333333218e-02
2.250000000000000000e+02,4.785156249999999306e-02
2.260000000000000000e+02,1.985677083333333565e-02
2.270000000000000000e+02,3.808593750000000000e-02
2.280000000000000000e+02,5.989583333333333565e-02
2.290000000000000000e+02,3.971354166666665741e-02
2.300000000000000000e+02,3.841145833333333565e-02
2.310000000000000000e+02,5.143229166666667129e-02
2.320000000000000000e+02,3.092447916666666782e-02
2.330000000000000000e+02,2.604166666666666782e-02
2.340000000000000000e+02,2.213541666666666782e-02
2.350000000000000000e+02,1.399739583333333218e-02
2.360000000000000000e+02,1.888020833333333565e-02
2.370000000000000000e+02,8.138020833333332177e-03
2.380000000000000000e+02,3.906250000000000000e-03
2.390000000000000000e+02,1.334635416666666609e-02
2.400000000000000000e+02,4.199218749999999306e-02
2.410000000000000000e+02,4.557291666666666088e-03
2.420000000000000000e+02,2.278645833333333044e-03
2.430000000000000000e+02,4.557291666666666956e-03
2.440000000000000000e+02,1.432291666666666782e-02
2.450000000000000000e+02,7.812500000000000000e-03
2.460000000000000000e+02,9.765625000000000000e-03
2.470000000000000000e+02,9.440104166666666088e-03
2.480000000000000000e+02,1.757812500000000000e-02
2.490000000000000000e+02,2.050781250000000347e-02
2.500000000000000000e+02,6.510416666666666956e-03
2.510000000000000000e+02,7.812500000000000000e-03
2.520000000000000000e+02,8.789062499999998265e-03
2.530000000000000000e+02,9.114583333333332177e-03
2.540000000000000000e+02,9.765625000000000000e-04
2.550000000000000000e+02,1.106770833333333565e-02
2.560000000000000000e+02,2.213541666666666435e-02
2.570000000000000000e+02,5.859375000000000000e-03
2.580000000000000000e+02,6.184895833333333044e-03
2.590000000000000000e+02,7.161458333333333044e-03
2.600000000000000000e+02,2.180989583333333565e-02
2.610000000000000000e+02,2.180989583333333218e-02
2.620000000000000000e+02,1.888020833333333218e-02
2.630000000000000000e+02,8.138020833333333912e-03
2.640000000000000000e+02,2.604166666666666088e-02
2.650000000000000000e+02,2.083333333333333565e-02
2.660000000000000000e+02,3.938802083333332871e-02
2.670000000000000000e+02,3.548177083333333565e-02
2.680000000000000000e+02,3.776041666666666435e-02
2.690000000000000000e+02,3.190104166666667129e-02
2.700000000000000000e+02,5.533854166666666956e-03
2.710000000000000000e+02,3.580729166666666522e-03
2.720000000000000000e+02,1.334635416666666609e-02
2.730000000000000000e+02,5.208333333333333912e-03
2.740000000000000000e+02,4.231770833333333044e-03
2.750000000000000000e+02,2.832031250000000000e-02
2.760000000000000000e+02,4.622395833333333565e-02
2.770000000000000000e+02,1.432291666666666782e-02
2.780000000000000000e+02,3.580729166666666522e-03
2.790000000000000000e+02,4.557291666666666956e-03
2.800000000000000000e+02,2.246093749999999653e-02
2.810000000000000000e+02,2.115885416666666088e-02
2.820000000000000000e+02,1.009114583333333391e-02
2.830000000000000000e+02,3.157552083333333565e-02
2.840000000000000000e+02,1.953125000000000000e-02
2.850000000000000000e+02,2.408854166666666435e-02
2.860000000000000000e+02,1.985677083333333565e-02
2.870000000000000000e+02,2.929687500000000000e-02
2.880000000000000000e+02,1.269531250000000173e-02
2.890000000000000000e+02,1.497395833333333044e-02
2.900000000000000000e+02,1.367187500000000000e-02
2.910000000000000000e+02,1.757812500000000000e-02
2.920000000000000000e+02,2.050781250000000347e-02
2.930000000000000000e+02,1.855468750000000347e-02
2.940000000000000000e+02,2.083333333333333218e-02
2.950000000000000000e+02,3.222656250000000000e-02
2.960000000000000000e+02,3.124999999999999653e-02
2.970000000000000000e+02,5.208333333333333912e-03
2.980000000000000000e+02,5.208333333333333044e-03
2.990000000000000000e+02,1.302083333333333261e-03
3.000000000000000000e+02,1.171875000000000000e-02
3.010000000000000000e+02,1.725260416666666782e-02
3.020000000000000000e+02,9.440104166666666088e-03
3.030000000000000000e+02,9.765625000000000000e-03
3.040000000000000000e+02,1.204427083333333391e-02
3.050000000000000000e+02,1.302083333333333391e-02
3.060000000000000000e+02,3.580729166666666522e-03
3.070000000000000000e+02,6.835937500000000000e-03
3.080000000000000000e+02,5.533854166666666956e-03
3.090000000000000000e+02,1.074218750000000000e-02
3.100000000000000000e+02,1.595052083333333218e-02
3.110000000000000000e+02,0.000000000000000000e+00
3.120000000000000000e+02,0.000000000000000000e+00
3.130000000000000000e+02,0.000000000000000000e+00
3.140000000000000000e+02,1.334635416666666609e-02
3.150000000000000000e+02,1.953125000000000000e-02
3.160000000000000000e+02,1.236979166666666609e-02
3.170000000000000000e+02,6.835937500000000000e-03
3.180000000000000000e+02,4.231770833333333044e-03
3.190000000000000000e+02,5.859375000000000000e-03
3.200000000000000000e+02,1.041666666666666782e-02
3.210000000000000000e+02,2.246093750000000000e-02
3.220000000000000000e+02,1.855468750000000000e-02
3.230000000000000000e+02,2.604166666666666522e-03
3.240000000000000000e+02,1.562500000000000000e-02
3.250000000000000000e+02,1.399739583333333218e-02
3.260000000000000000e+02,2.571614583333333218e-02
3.270000000000000000e+02,1.432291666666666609e-02
3.280000000000000000e+02,1.595052083333333218e-02
3.290000000000000000e+02,1.106770833333333391e-02
3.300000000000000000e+02,1.009114583333333218e-02
3.310000000000000000e+02,1.692708333333333218e-02
3.320000000000000000e+02,1.334635416666666435e-02
3.330000000000000000e+02,6.510416666666666088e-03
3.340000000000000000e+02,4.882812500000000000e-03
3.350000000000000000e+02,1.725260416666666782e-02
3.360000000000000000e+02,3.385416666666667129e-02
3.370000000000000000e+02,1.790364583333333218e-02
3.380000000000000000e+02,1.692708333333333565e-02
3.390000000000000000e+02,2.929687500000000000e-03
3.400000000000000000e+02,6.184895833333333912e-03
3.410000000000000000e+02,3.906250000000000000e-03
3.420000000000000000e+02,6.184895833333333912e-03
3.430000000000000000e+02,4.882812500000000000e-03
3.440000000000000000e+02,0.000000000000000000e+00
3.450000000000000000e+02,3.255208333333333153e-04
3.460000000000000000e+02,0.000000000000000000e+00
3.470000000000000000e+02,6.510416666666666956e-03
3.480000000000000000e+02,2.278645833333333478e-03
3.490000000000000000e+02,1.920572916666666782e-02
3.500000000000000000e+02,3.027343750000000000e-02
3.510000000000000000e+02,2.343750000000000000e-02
3.520000000000000000e+02,2.701822916666666782e-02
3.530000000000000000e+02,1.139322916666666609e-02
3.540000000000000000e+02,2.604166666666666435e-02
3.550000000000000000e+02,7.161458333333333912e-03
3.560000000000000000e+02,6.835937499999999133e-03
3.570000000000000000e+02,2.897135416666667129e-02
3.580000000000000000e+02,2.311197916666666435e-02
3.590000000000000000e+02,2.246093750000000000e-02
3.600000000000000000e+02,1.692708333333333565e-02
3.610000000000000000e+02,8.463541666666666088e-03
3.620000000000000000e+02,4.231770833333333912e-03
3.630000000000000000e+02,4.231770833333333044e-03
3.640000000000000000e+02,1.074218750000000000e-02
3.650000000000000000e+02,4.231770833333333044e-03
3.660000000000000000e+02,1.595052083333333565e-02
3.670000000000000000e+02,3.873697916666665741e-02
3.680000000000000000e+02,3.222656250000000000e-02
3.690000000000000000e+02,2.311197916666666435e-02
3.700000000000000000e+02,1.953124999999999653e-02
3.710000000000000000e+02,5.533854166666666088e-03
3.720000000000000000e+02,5.208333333333333044e-03
3.730000000000000000e+02,1.302083333333333261e-03
3.740000000000000000e+02,4.882812500000000000e-03
3.750000000000000000e+02,4.231770833333333912e-03
3.760000000000000000e+02,9.440104166666666088e-03
3.770000000000000000e+02,1.009114583333333218e-02
3.780000000000000000e+02,8.789062500000000000e-03
3.790000000000000000e+02,2.441406249999999653e-02
3.800000000000000000e+02,2.311197916666666435e-02
3.810000000000000000e+02,5.208333333333333044e-03
3.820000000000000000e+02,8.789062500000000000e-03
3.830000000000000000e+02,2.213541666666666782e-02
3.840000000000000000e+02,3.255208333333332871e-02
3.850000000000000000e+02,2.213541666666666782e-02
3.860000000000000000e+02,7.812499999999999133e-03
3.870000000000000000e+02,1.106770833333333391e-02
3.880000000000000000e+02,1.367187500000000000e-02
3.890000000000000000e+02,2.148437500000000000e-02
3.900000000000000000e+02,3.776041666666666435e-02
3.910000000000000000e+02,1.725260416666666782e-02
3.920000000000000000e+02,9.765625000000000000e-03
3.930000000000000000e+02,1.334635416666666609e-02
3.940000000000000000e+02,1.204427083333333391e-02
3.950000000000000000e+02,6.184895833333333912e-03
3.960000000000000000e+02,1.953125000000000000e-02
3.970000000000000000e+02,3.515625000000000000e-02
3.980000000000000000e+02,7.812500000000000000e-03
3.990000000000000000e+02,1.757812500000000000e-02
4.000000000000000000e+02,1.595052083333333565e-02
4.010000000000000000e+02,1.627604166666666782e-02
4.020000000000000000e+02,5.533854166666666956e-03
4.030000000000000000e+02,2.050781250000000000e-02
4.040000000000000000e+02,1.497395833333333391e-02
4.050000000000000000e+02,2.408854166666666782e-02
4.060000000000000000e+02,1.334635416666666609e-02
4.070000000000000000e+02,1.074218750000000000e-02
4.080000000000000000e+02,2.311197916666666782e-02
4.090000000000000000e+02,2.083333333333333218e-02
4.100000000000000000e+02,2.018229166666666435e-02
4.110000000000000000e+02,1.432291666666666609e-02
4.120000000000000000e+02,1.725260416666666435e-02
4.130000000000000000e+02,1.627604166666666782e-02
4.140000000000000000e+02,1.302083333333333218e-02
4.150000000000000000e+02,1.529947916666666782e-02
4.160000000000000000e+02,5.208333333333333912e-03
4.170000000000000000e+02,3.255208333333333044e-03
4.180000000000000000e+02,1.432291666666666782e-02
4.190000000000000000e+02,1.790364583333333218e-02
4.200000000000000000e+02,2.571614583333333565e-02
4.210000000000000000e+02,1.920572916666666435e-02
4.220000000000000000e+02,9.114583333333332177e-03
4.230000000000000000e+02,1.269531250000000000e-02
4.240000000000000000e+02,9.114583333333333912e-03
4.250000000000000000e+02,8.138020833333332177e-03
4.260000000000000000e+02,2.571614583333333565e-02
4.270000000000000000e+02,4.134114583333333565e-02
4.280000000000000000e+02,1.334635416666666609e-02
4.290000000000000000e+02,1.692708333333333565e-02
4.300000000000000000e+02,1.139322916666666609e-02
4.310000000000000000e+02,1.367187500000000000e-02
4.320000000000000000e+02,1.497395833333333218e-02
4.330000000000000000e+02,1.171875000000000000e-02
4.340000000000000000e+02,1.725260416666666435e-02
4.350000000000000000e+02,1.464843750000000000e-02
4.360000000000000000e+02,1.139322916666666782e-02
4.370000000000000000e+02,6.184895833333333044e-03
4.380000000000000000e+02,4.231770833333333912e-03
4.390000000000000000e+02,2.929687500000000000e-03
4.400000000000000000e+02,8.463541666666666088e-03
4.410000000000000000e+02,5.533854166666666088e-03
4.420000000000000000e+02,6.510416666666666088e-03
4.430000000000000000e+02,6.510416666666666088e-03
4.440000000000000000e+02,6.835937500000000000e-03
4.450000000000000000e+02,7.812500000000000000e-03
4.460000000000000000e+02,1.953125000000000000e-02
4.470000000000000000e+02,2.148437500000000000e-02
4.480000000000000000e+02,1.920572916666666782e-02
4.490000000000000000e+02,7.812500000000000000e-03
4.500000000000000000e+02,1.302083333333333261e-03
4.510000000000000000e+02,2.701822916666666782e-02
4.520000000000000000e+02,1.529947916666666435e-02
4.530000000000000000e+02,1.139322916666666609e-02
4.540000000000000000e+02,1.888020833333333218e-02
4.550000000000000000e+02,2.441406250000000000e-02
4.560000000000000000e+02,1.009114583333333218e-02
4.570000000000000000e+02,7.161458333333333044e-03
4.580000000000000000e+02,4.882812500000000000e-03
4.590000000000000000e+02,5.208333333333333044e-03
4.600000000000000000e+02,1.269531250000000000e-02
4.610000000000000000e+02,3.190104166666667129e-02
4.620000000000000000e+02,1.692708333333333565e-02
4.630000000000000000e+02,7.486979166666666088e-03
4.640000000000000000e+02,9.765625000000000000e-03
4.650000000000000000e+02,1.009114583333333391e-02
4.660000000000000000e+02,1.139322916666666609e-02
4.670000000000000000e+02,9.765625000000000000e-03
4.680000000000000000e+02,3.580729166666666956e-03
4.690000000000000000e+02,1.041666666666666782e-02
4.700000000000000000e+02,1.595052083333333218e-02
4.710000000000000000e+02,9.765625000000000000e-03
4.720000000000000000e+02,7.161458333333333912e-03
4.730000000000000000e+02,7.486979166666666956e-03
4.740000000000000000e+02,1.204427083333333391e-02
4.750000000000000000e+02,2.050781249999999653e-02
4.760000000000000000e+02,1.953125000000000000e-02
4.770000000000000000e+02,3.841145833333332871e-02
4.780000000000000000e+02,3.743489583333333565e-02
4.790000000000000000e+02,7.812500000000000000e-03
4.800000000000000000e+02,2.180989583333333565e-02
4.810000000000000000e+02,8.138020833333332177e-03
4.820000000000000000e+02,5.533854166666666088e-03
4.830000000000000000e+02,2.148437500000000000e-02
4.840000000000000000e+02,2.311197916666666782e-02
4.850000000000000000e+02,2.832031249999999653e-02
4.860000000000000000e+02,2.376302083333333218e-02
4.870000000000000000e+02,5.208333333333333044e-03
4.880000000000000000e+02,2.604166666666666522e-03
4.890000000000000000e+02,9.440104166666667823e-03
4.900000000000000000e+02,7.486979166666666956e-03
4.910000000000000000e+02,1.399739583333333218e-02
4.920000000000000000e+02,5.859375000000000867e-03
4.930000000000000000e+02,2.636718750000000000e-02
4.940000000000000000e+02,1.822916666666666782e-02
4.950000000000000000e+02,2.441406250000000000e-02
4.960000000000000000e+02,1.725260416666666435e-02
4.970000000000000000e+02,2.343750000000000000e-02
4.980000000000000000e+02,2.050781250000000000e-02
4.990000000000000000e+02,1.139322916666666609e-02
5.000000000000000000e+02,1.497395833333333565e-02
5.010000000000000000e+02,1.236979166666666782e-02
5.020000000000000000e+02,1.041666666666666609e-02
5.030000000000000000e+02,1.106770833333333391e-02
5.040000000000000000e+02,1.009114583333333391e-02
5.050000000000000000e+02,7.486979166666666956e-03
5.060000000000000000e+02,1.562499999999999827e-02
5.070000000000000000e+02,2.278645833333333218e-02
5.080000000000000000e+02,1.302083333333333391e-02
5.090000000000000000e+02,1.269531250000000173e-02
5.100000000000000000e+02,1.009114583333333391e-02
5.110000000000000000e+02,1.139322916666666782e-02
5.120000000000000000e+02,1.725260416666666782e-02
5.130000000000000000e+02,1.790364583333333218e-02
5.140000000000000000e+02,2.962239583333333565e-02
5.150000000000000000e+02,3.743489583333332871e-02
5.160000000000000000e+02,1.562500000000000000e-02
5.170000000000000000e+02,2.018229166666666435e-02
5.180000000000000000e+02,1.529947916666666609e-02
5.190000000000000000e+02,1.529947916666666782e-02
5.200000000000000000e+02,4.882812500000000000e-03
5.210000000000000000e+02,6.510416666666666305e-04
5.220000000000000000e+02,1.464843750000000000e-02
5.230000000000000000e+02,1.367187499999999827e-02
5.240000000000000000e+02,1.562500000000000000e-02
5.250000000000000000e+02,3.580729166666666956e-03
5.260000000000000000e+02,1.660156250000000000e-02
5.270000000000000000e+02,2.278645833333333565e-02
5.280000000000000000e+02,1.562500000000000000e-02
5.290000000000000000e+02,3.255208333333333153e-04
5.300000000000000000e+02,1.204427083333333391e-02
5.310000000000000000e+02,1.139322916666666782e-02
5.320000000000000000e+02,1.171875000000000000e-02
5.330000000000000000e+02,9.765625000000000000e-03
5.340000000000000000e+02,2.929687500000000000e-03
5.350000000000000000e+02,3.255208333333333153e-04
5.360000000000000000e+02,6.510416666666666088e-03
5.370000000000000000e+02,6.510416666666666088e-03
5.380000000000000000e+02,2.083333333333333565e-02
5.390000000000000000e+02,1.302083333333333218e-02
5.400000000000000000e+02,1.302083333333333391e-02
5.410000000000000000e+02,2.018229166666666435e-02
5.420000000000000000e+02,1.334635416666666782e-02
5.430000000000000000e+02,7.812499999999999133e-03
5.440000000000000000e+02,1.757812500000000000e-02
5.450000000000000000e+02,1.595052083333333218e-02
5.460000000000000000e+02,8.789062500000000000e-03
5.470000000000000000e+02,5.533854166666666088e-03
5.480000000000000000e+02,1.139322916666666782e-02
5.490000000000000000e+02,1.302083333333333218e-02
5.500000000000000000e+02,1.106770833333333391e-02
5.510000000000000000e+02,2.604166666666666956e-03
5.520000000000000000e+02,9.765625000000000000e-04
5.530000000000000000e+02,8.463541666666667823e-03
5.540000000000000000e+02,2.311197916666666782e-02
5.550000000000000000e+02,3.255208333333333478e-03
5.560000000000000000e+02,3.255208333333333044e-03
5.570000000000000000e+02,4.882812500000000867e-03
5.580000000000000000e+02,1.334635416666666782e-02
5.590000000000000000e+02,1.106770833333333391e-02
5.600000000000000000e+02,8.138020833333333912e-03
5.610000000000000000e+02,4.069010416666667129e-02
5.620000000000000000e+02,1.204427083333333391e-02
5.630000000000000000e+02,1.009114583333333218e-02
5.640000000000000000e+02,1.985677083333333565e-02
5.650000000000000000e+02,1.725260416666666782e-02
5.660000000000000000e+02,1.009114583333333391e-02
5.670000000000000000e+02,2.799479166666666782e-02
5.680000000000000000e+02,2.636718750000000000e-02
5.690000000000000000e+02,1.269531250000000000e-02
5.700000000000000000e+02,3.255208333333333044e-03
5.710000000000000000e+02,6.835937500000000000e-03
5.720000000000000000e+02,7.486979166666666088e-03
5.730000000000000000e+02,1.660156250000000000e-02
5.740000000000000000e+02,4.231770833333333044e-03
5.750000000000000000e+02,9.440104166666666088e-03
5.760000000000000000e+02,0.000000000000000000e+00
5.770000000000000000e+02,1.139322916666666609e-02
5.780000000000000000e+02,1.367187500000000000e-02
5.790000000000000000e+02,1.627604166666666782e-02
5.800000000000000000e+02,4.557291666666666088e-03
5.810000000000000000e+02,7.812500000000000000e-03
5.820000000000000000e+02,1.757812500000000000e-02
5.830000000000000000e+02,4.166666666666666435e-02
5.840000000000000000e+02,2.701822916666666782e-02
5.850000000000000000e+02,1.009114583333333218e-02
5.860000000000000000e+02,1.334635416666666782e-02
5.870000000000000000e+02,9.440104166666666088e-03
5.880000000000000000e+02,2.311197916666666435e-02
5.890000000000000000e+02,2.799479166666666435e-02
5.900000000000000000e+02,2.148437500000000000e-02
5.910000000000000000e+02,2.669270833333333565e-02
5.920000000000000000e+02,2.799479166666666435e-02
5.930000000000000000e+02,1.725260416666666435e-02
5.940000000000000000e+02,2.408854166666666435e-02
5.950000000000000000e+02,2.246093750000000000e-02
5.960000000000000000e+02,4.557291666666666956e-03
5.970000000000000000e+02,1.302083333333333218e-02
5.980000000000000000e+02,1.302083333333333261e-03
5.990000000000000000e+02,1.302083333333333261e-03
6.000000000000000000e+02,1.529947916666666609e-02
6.010000000000000000e+02,3.287760416666667129e-02
6.020000000000000000e+02,2.734375000000000000e-02
6.030000000000000000e+02,2.441406250000000000e-02
6.040000000000000000e+02,3.580729166666666956e-03
6.050000000000000000e+02,3.906249999999999566e-03
6.060000000000000000e+02,1.302083333333333218e-02
6.070000000000000000e+02,6.998697916666667129e-02
6.080000000000000000e+02,6.770833333333334259e-02
6.090000000000000000e+02,7.291666666666665741e-02
6.100000000000000000e+02,7.259114583333332871e-02
6.110000000000000000e+02,6.901041666666665741e-02
6.120000000000000000e+02,8.333333333333332871e-02
6.130000000000000000e+02,1.227213541666666574e-01
6.140000000000000000e+02,5.175781250000000000e-02
6.150000000000000000e+02,3.710937500000000694e-02
6.160000000000000000e+02,8.365885416666667129e-02
6.170000000000000000e+02,7.454427083333334259e-02
6.180000000000000000e+02,3.938802083333333565e-02
6.190000000000000000e+02,5.403645833333332871e-02
6.200000000000000000e+02,4.524739583333332871e-02
6.210000000000000000e+02,5.175781250000000694e-02
6.220000000000000000e+02,9.212239583333334259e-02
6.230000000000000000e+02,1.575520833333333148e-01
6.240000000000000000e+02,2.607421875000000000e-01
6.250000000000000000e+02,4.205729166666666297e-01
6.260000000000000000e+02,9.082031250000002220e-01
6.270000000000000000e+02,1.820638020833333925e+00
6.280000000000000000e+02,4.233723958333330373e+00
6.290000000000000000e+02,1.098567708333334281e+01
6.300000000000000000e+02,2.295214843749998224e+01
6.310000000000000000e+02,3.668554687500000711e+01
6.320000000000000000e+02,4.745084635416673535e+01
6.330000000000000000e+02,6.008300781249996447e+01
6.340000000000000000e+02,8.400911458333342807e+01
6.350000000000000000e+02,1.129576822916667993e+02
6.360000000000000000e+02,1.282070312499999147e+02
6.370000000000000000e+02,1.230475260416668277e+02
6.380000000000000000e+02,1.182177734374997016e+02
6.390000000000000000e+02,1.160227864583333570e+02
6.400000000000000000e+02,8.945019531249987210e+01
6.410000000000000000e+02,4.760904947916662877e+01
6.420000000000000000e+02,2.732682291666666785e+01
6.430000000000000000e+02,2.540169270833331794e+01
6.440000000000000000e+02,2.760253906249999289e+01
6.450000000000000000e+02,3.734049479166658614e+01
6.460000000000000000e+02,4.696809895833333570e+01
6.470000000000000000e+02,5.688248697916677088e+01
6.480000000000000000e+02,7.791243489583331439e+01
6.490000000000000000e+02,1.064827473958333428e+02
6.500000000000000000e+02,1.272018229166667282e+02
6.510000000000000000e+02,1.242229817708333854e+02
6.520000000000000000e+02,1.180768229166666714e+02
6.530000000000000000e+02,1.187835286458334139e+02
6.540000000000000000e+02,9.690169270833342807e+01
6.550000000000000000e+02,4.902897135416666430e+01
6.560000000000000000e+02,2.145865885416665719e+01
6.570000000000000000e+02,1.038899739583333037e+01
6.580000000000000000e+02,5.108072916666669627e+00
6.590000000000000000e+02,2.669270833333333037e+00
6.600000000000000000e+02,1.370442708333333481e+00
6.610000000000000000e+02,7.822265625000003331e-01
6.620000000000000000e+02,4.339192708333332593e-01
6.630000000000000000e+02,2.682291666666667962e-01
6.640000000000000000e+02,2.659505208333333148e-01
6.650000000000000000e+02,1.025390624999999861e-01
6.660000000000000000e+02,5.403645833333332871e-02
6.670000000000000000e+02,4.231770833333332871e-02
6.680000000000000000e+02,4.459635416666666435e-02
6.690000000000000000e+02,5.566406250000000694e-02
6.700000000000000000e+02,5.729166666666666435e-02
6.710000000000000000e+02,5.371093750000000000e-02
6.720000000000000000e+02,4.427083333333333565e-02
6.730000000000000000e+02,2.799479166666666782e-02
6.740000000000000000e+02,2.278645833333333218e-02
6.750000000000000000e+02,2.278645833333333218e-02
6.760000000000000000e+02,4.459635416666666435e-02
6.770000000000000000e+02,2.669270833333333218e-02
6.780000000000000000e+02,1.985677083333333218e-02
6.790000000000000000e+02,3.157552083333333565e-02
6.800000000000000000e+02,3.092447916666666782e-02
6.810000000000000000e+02,1.497395833333333565e-02
6.820000000000000000e+02,1.302083333333333391e-02
6.830000000000000000e+02,3.190104166666667129e-02
6.840000000000000000e+02,1.790364583333333565e-02
6.850000000000000000e+02,2.604166666666666435e-02
6.860000000000000000e+02,3.222656250000000000e-02
6.870000000000000000e+02,1.041666666666666609e-02
6.880000000000000000e+02,1.074218750000000000e-02
6.890000000000000000e+02,1.302083333333333218e-02
6.900000000000000000e+02,4.101562500000000000e-02
6.910000000000000000e+02,4.524739583333334259e-02
6.920000000000000000e+02,2.311197916666666435e-02
6.930000000000000000e+02,3.027343750000000694e-02
6.940000000000000000e+02,1.920572916666666782e-02
6.950000000000000000e+02,4.264322916666667129e-02
6.960000000000000000e+02,1.920572916666666435e-02
6.970000000000000000e+02,5.533854166666666956e-03
6.980000000000000000e+02,3.906249999999999566e-03
6.990000000000000000e+02,3.580729166666666522e-03
7.000000000000000000e+02,8.789062500000000000e-03
7.010000000000000000e+02,3.580729166666666956e-03
7.020000000000000000e+02,6.835937500000000000e-03
7.030000000000000000e+02,9.440104166666667823e-03
7.040000000000000000e+02,3.450520833333333565e-02
7.050000000000000000e+02,1.757812500000000000e-02
7.060000000000000000e+02,7.486979166666666088e-03
7.070000000000000000e+02,1.920572916666666088e-02
7.080000000000000000e+02,8.789062500000001735e-03
7.090000000000000000e+02,1.855468750000000347e-02
7.100000000000000000e+02,2.734375000000000347e-02
7.110000000000000000e+02,1.171875000000000000e-02
7.120000000000000000e+02,1.790364583333333565e-02
7.130000000000000000e+02,1.464843750000000000e-02
7.140000000000000000e+02,9.440104166666667823e-03
7.150000000000000000e+02,8.789062499999998265e-03
7.160000000000000000e+02,3.222656250000000000e-02
7.170000000000000000e+02,3.287760416666666435e-02
7.180000000000000000e+02,2.278645833333333565e-02
7.190000000000000000e+02,2.473958333333333565e-02
7.200000000000000000e+02,2.246093750000000000e-02
7.210000000000000000e+02,1.595052083333333218e-02
7.220000000000000000e+02,4.231770833333333044e-03
7.230000000000000000e+02,1.334635416666666956e-02
7.240000000000000000e+02,2.473958333333333565e-02
7.250000000000000000e+02,1.920572916666666435e-02
7.260000000000000000e+02,1.367187500000000000e-02
7.270000000000000000e+02,2.213541666666666782e-02
7.280000000000000000e+02,1.334635416666666609e-02
7.290000000000000000e+02,1.009114583333333044e-02
7.300000000000000000e+02,1.106770833333333218e-02
7.310000000000000000e+02,6.184895833333333912e-03
7.320000000000000000e+02,1.041666666666666782e-02
7.330000000000000000e+02,7.812500000000000000e-03
7.340000000000000000e+02,8.463541666666666088e-03
7.350000000000000000e+02,1.367187500000000000e-02
7.360000000000000000e+02,1.367187499999999827e-02
7.370000000000000000e+02,1.985677083333333218e-02
7.380000000000000000e+02,1.399739583333333391e-02
7.390000000000000000e+02,1.660156250000000000e-02
7.400000000000000000e+02,2.246093750000000000e-02
7.410000000000000000e+02,1.627604166666666435e-02
7.420000000000000000e+02,9.440104166666666088e-03
7.430000000000000000e+02,6.184895833333333044e-03
7.440000000000000000e+02,2.604166666666666088e-02
7.450000000000000000e+02,3.157552083333332871e-02
7.460000000000000000e+02,2.343750000000000000e-02
7.470000000000000000e+02,1.399739583333333565e-02
7.480000000000000000e+02,2.246093750000000000e-02
7.490000000000000000e+02,1.595052083333333218e-02
7.500000000000000000e+02,2.278645833333333565e-02
7.510000000000000000e+02,2.050781250000000000e-02
7.520000000000000000e+02,2.311197916666666782e-02
7.530000000000000000e+02,2.734375000000000347e-02
7.540000000000000000e+02,1.367187500000000000e-02
7.550000000000000000e+02,1.432291666666666782e-02
7.560000000000000000e+02,1.009114583333333218e-02
7.570000000000000000e+02,2.441406250000000000e-02
7.580000000000000000e+02,3.580729166666666435e-02
7.590000000000000000e+02,3.417968750000000000e-02
7.600000000000000000e+02,2.246093750000000000e-02
7.610000000000000000e+02,5.891927083333333565e-02
7.620000000000000000e+02,5.436197916666665741e-02
7.630000000000000000e+02,1.985677083333333565e-02
7.640000000000000000e+02,1.367187500000000000e-02
7.650000000000000000e+02,1.985677083333333565e-02
7.660000000000000000e+02,2.180989583333333565e-02
7.670000000000000000e+02,2.734375000000000000e-02
7.680000000000000000e+02,2.506510416666666782e-02
7.690000000000000000e+02,1.432291666666666609e-02
7.700000000000000000e+02,2.636718750000000000e-02
7.710000000000000000e+02,4.231770833333334259e-02
7.720000000000000000e+02,3.417968750000000000e-02
7.730000000000000000e+02,2.897135416666666782e-02
7.740000000000000000e+02,1.399739583333333218e-02
7.750000000000000000e+02,1.692708333333333218e-02
7.760000000000000000e+02,1.334635416666666782e-02
7.770000000000000000e+02,1.334635416666666782e-02
7.780000000000000000e+02,3.938802083333333565e-02
7.790000000000000000e+02,4.850260416666667129e-02
7.800000000000000000e+02,2.115885416666666782e-02
7.810000000000000000e+02,1.432291666666666782e-02
7.820000000000000000e+02,1.822916666666666435e-02
7.830000000000000000e+02,2.832031250000000000e-02
7.840000000000000000e+02,2.441406250000000000e-02
7.850000000000000000e+02,8.789062500000000000e-03
7.860000000000000000e+02,9.440104166666666088e-03
7.870000000000000000e+02,1.627604166666666782e-02
7.880000000000000000e+02,3.645833333333333565e-02
7.890000000000000000e+02,1.888020833333333565e-02
7.900000000000000000e+02,1.236979166666666782e-02
7.910000000000000000e+02,1.627604166666666522e-03
7.920000000000000000e+02,9.765625000000000000e-03
7.930000000000000000e+02,8.789062500000000000e-03
7.940000000000000000e+02,2.083333333333333218e-02
7.950000000000000000e+02,4.817708333333333565e-02
7.960000000000000000e+02,9.440104166666667823e-03
7.970000000000000000e+02,1.822916666666666782e-02
7.980000000000000000e+02,5.533854166666667129e-02
7.990000000000000000e+02,4.589843749999999306e-02
8.000000000000000000e+02,2.376302083333333218e-02
8.010000000000000000e+02,3.092447916666666782e-02
8.020000000000000000e+02,3.385416666666666435e-02
8.030000000000000000e+02,1.660156250000000000e-02
8.040000000000000000e+02,2.311197916666666782e-02
8.050000000000000000e+02,2.799479166666666088e-02
8.060000000000000000e+02,3.352864583333333565e-02
8.070000000000000000e+02,5.045572916666666435e-02
8.080000000000000000e+02,5.598958333333333565e-02
8.090000000000000000e+02,3.548177083333332871e-02
8.100000000000000000e+02,4.492187499999999306e-02
8.110000000000000000e+02,3.743489583333333565e-02
8.120000000000000000e+02,1.660156250000000000e-02
8.130000000000000000e+02,2.213541666666666782e-02
8.140000000000000000e+02,3.645833333333332871e-02
8.150000000000000000e+02,4.231770833333332871e-02
8.160000000000000000e+02,3.841145833333332871e-02
8.170000000000000000e+02,2.050781249999999653e-02
8.180000000000000000e+02,5.143229166666666435e-02
8.190000000000000000e+02,4.361979166666666435e-02
8.200000000000000000e+02,1.497395833333333565e-02
8.210000000000000000e+02,6.835937499999999133e-03
8.220000000000000000e+02,1.692708333333333218e-02
8.230000000000000000e+02,1.660156250000000000e-02
8.240000000000000000e+02,1.334635416666666782e-02
8.250000000000000000e+02,3.125000000000000694e-02
8.260000000000000000e+02,6.022135416666666435e-02
8.270000000000000000e+02,8.365885416666667129e-02
8.280000000000000000e+02,5.859375000000000000e-02
8.290000000000000000e+02,6.249999999999999306e-02
8.300000000000000000e+02,4.296874999999999306e-02
8.310000000000000000e+02,3.092447916666667129e-02
8.320000000000000000e+02,1.367187499999999827e-02
8.330000000000000000e+02,1.269531249999999827e-02
8.340000000000000000e+02,3.743489583333333565e-02
8.350000000000000000e+02,2.115885416666666782e-02
8.360000000000000000e+02,1.920572916666666782e-02
8.370000000000000000e+02,3.906250000000000000e-02
8.380000000000000000e+02,5.696614583333332871e-02
8.390000000000000000e+02,2.669270833333332871e-02
8.400000000000000000e+02,4.199218749999999306e-02
8.410000000000000000e+02,3.873697916666666435e-02
8.420000000000000000e+02,5.240885416666666435e-02
8.430000000000000000e+02,7.812500000000000000e-02
8.440000000000000000e+02,3.385416666666666435e-02
8.450000000000000000e+02,1.334635416666666609e-02
8.460000000000000000e+02,1.822916666666666782e-02
8.470000000000000000e+02,9.765624999999998265e-03
8.480000000000000000e+02,1.464843749999999827e-02
8.490000000000000000e+02,3.515625000000000694e-02
8.500000000000000000e+02,1.009114583333333391e-02
8.510000000000000000e+02,1.074218750000000173e-02
8.520000000000000000e+02,9.765625000000000000e-03
8.530000000000000000e+02,2.083333333333333912e-02
8.540000000000000000e+02,3.873697916666666435e-02
8.550000000000000000e+02,5.989583333333332177e-02
8.560000000000000000e+02,5.598958333333333565e-02
8.570000000000000000e+02,6.217447916666667129e-02
8.580000000000000000e+02,5.045572916666667823e-02
8.590000000000000000e+02,3.808593749999999306e-02
8.600000000000000000e+02,3.417968750000000694e-02
8.610000000000000000e+02,2.701822916666666088e-02
8.620000000000000000e+02,2.278645833333333044e-03
8.630000000000000000e+02,1.399739583333333218e-02
8.640000000000000000e+02,4.427083333333332871e-02
8.650000000000000000e+02,2.701822916666667129e-02
8.660000000000000000e+02,5.533854166666666435e-02
8.670000000000000000e+02,4.069010416666666435e-02
8.680000000000000000e+02,4.524739583333333565e-02
8.690000000000000000e+02,4.785156250000000000e-02
8.700000000000000000e+02,1.432291666666666782e-02
8.710000000000000000e+02,2.571614583333332871e-02
8.720000000000000000e+02,2.636718749999999653e-02
8.730000000000000000e+02,1.855468750000000000e-02
8.740000000000000000e+02,1.855468750000000000e-02
8.750000000000000000e+02,4.264322916666666435e-02
8.760000000000000000e+02,5.436197916666666435e-02
8.770000000000000000e+02,4.915364583333333565e-02
8.780000000000000000e+02,3.613281250000000000e-02
8.790000000000000000e+02,3.483072916666666435e-02
8.800000000000000000e+02,6.054687500000000694e-02
8.810000000000000000e+02,5.305989583333332871e-02
8.820000000000000000e+02,4.752604166666667129e-02
8.830000000000000000e+02,1.888020833333333565e-02
8.840000000000000000e+02,4.427083333333333565e-02
8.850000000000000000e+02,4.817708333333334259e-02
8.860000000000000000e+02,1.432291666666666782e-02
8.870000000000000000e+02,7.324218750000001388e-02
8.880000000000000000e+02,1.090494791666666852e-01
8.890000000000000000e+02,3.841145833333332871e-02
8.900000000000000000e+02,4.101562500000000000e-02
8.910000000000000000e+02,6.184895833333334259e-02
8.920000000000000000e+02,6.542968750000000000e-02
8.930000000000000000e+02,5.240885416666666435e-02
8.940000000000000000e+02,1.757812500000000000e-02
8.950000000000000000e+02,3.873697916666666435e-02
8.960000000000000000e+02,8.203125000000001388e-02
8.970000000000000000e+02,5.729166666666667129e-02
8.980000000000000000e+02,1.725260416666667129e-02
8.990000000000000000e+02,4.296875000000000000e-02
9.000000000000000000e+02,7.486979166666667129e-02
9.010000000000000000e+02,9.342447916666667129e-02
9.020000000000000000e+02,2.994791666666666435e-02
9.030000000000000000e+02,4.882812499999999306e-02
9.040000000000000000e+02,7.617187500000001388e-02
9.050000000000000000e+02,4.622395833333332871e-02
9.060000000000000000e+02,6.542968750000000000e-02
9.070000000000000000e+02,1.175130208333333287e-01
9.080000000000000000e+02,4.264322916666667129e-02
9.090000000000000000e+02,2.050781249999999653e-02
9.100000000000000000e+02,5.371093750000000000e-02
9.110000000000000000e+02,4.882812499999999306e-02
9.120000000000000000e+02,2.408854166666666782e-02
9.130000000000000000e+02,2.376302083333333218e-02
9.140000000000000000e+02,2.636718750000000000e-02
9.150000000000000000e+02,4.687500000000000694e-02
9.160000000000000000e+02,5.013020833333332871e-02
9.170000000000000000e+02,3.059895833333333218e-02
9.180000000000000000e+02,4.589843750000000000e-02
9.190000000000000000e+02,5.013020833333333565e-02
9.200000000000000000e+02,3.059895833333333218e-02
9.210000000000000000e+02,7.942708333333331483e-02
9.220000000000000000e+02,6.217447916666666435e-02
9.230000000000000000e+02,4.557291666666666435e-02
9.240000000000000000e+02,5.468749999999999306e-02
9.250000000000000000e+02,5.078125000000000000e-02
9.260000000000000000e+02,2.571614583333333218e-02
9.270000000000000000e+02,2.701822916666666435e-02
9.280000000000000000e+02,1.022135416666666713e-01
9.290000000000000000e+02,4.720052083333332871e-02
9.300000000000000000e+02,1.595052083333333218e-02
9.310000000000000000e+02,2.734374999999999653e-02
9.320000000000000000e+02,7.714843750000001388e-02
9.330000000000000000e+02,4.296875000000000694e-02
9.340000000000000000e+02,1.725260416666666435e-02
9.350000000000000000e+02,2.832031250000000000e-02
9.360000000000000000e+02,1.302083333333333218e-02
9.370000000000000000e+02,2.539062500000000000e-02
9.380000000000000000e+02,2.734374999999999306e-02
9.390000000000000000e+02,3.352864583333332871e-02
9.400000000000000000e+02,4.785156250000000000e-02
9.410000000000000000e+02,5.566406250000000000e-02
9.420000000000000000e+02,5.598958333333333565e-02
9.430000000000000000e+02,3.645833333333333565e-02
9.440000000000000000e+02,3.678385416666666435e-02
9.450000000000000000e+02,6.250000000000001388e-02
9.460000000000000000e+02,5.501302083333334259e-02
9.470000000000000000e+02,8.886718749999998612e-02
9.480000000000000000e+02,5.143229166666667129e-02
9.490000000000000000e+02,3.678385416666667129e-02
9.500000000000000000e+02,5.468750000000000000e-02
9.510000000000000000e+02,5.208333333333334259e-02
9.520000000000000000e+02,4.557291666666667129e-02
9.530000000000000000e+02,2.311197916666666782e-02
9.540000000000000000e+02,2.539062500000000000e-02
9.550000000000000000e+02,2.701822916666666782e-02
9.560000000000000000e+02,4.687500000000000000e-02
9.570000000000000000e+02,4.687500000000000000e-02
9.580000000000000000e+02,3.417968750000000694e-02
9.590000000000000000e+02,3.385416666666666435e-02
9.600000000000000000e+02,5.338541666666667129e-02
9.610000000000000000e+02,3.092447916666666782e-02
9.620000000000000000e+02,8.170572916666667129e-02
9.630000000000000000e+02,1.048177083333333148e-01
9.640000000000000000e+02,6.738281250000000000e-02
9.650000000000000000e+02,4.036458333333334259e-02
9.660000000000000000e+02,5.403645833333332871e-02
9.670000000000000000e+02,3.092447916666666435e-02
9.680000000000000000e+02,4.850260416666667129e-02
9.690000000000000000e+02,5.240885416666666435e-02
9.700000000000000000e+02,4.980468750000000000e-02
9.710000000000000000e+02,4.296875000000000000e-02
9.720000000000000000e+02,4.785156250000000694e-02
9.730000000000000000e+02,4.947916666666666435e-02
9.740000000000000000e+02,3.841145833333333565e-02
9.750000000000000000e+02,3.125000000000000000e-02
9.760000000000000000e+02,5.013020833333333565e-02
9.770000000000000000e+02,9.570312500000001388e-02
9.780000000000000000e+02,8.821614583333334259e-02
9.790000000000000000e+02,7.552083333333332871e-02
9.800000000000000000e+02,7.226562500000001388e-02
9.810000000000000000e+02,6.184895833333334259e-02
9.820000000000000000e+02,8.398437500000000000e-02
9.830000000000000000e+02,1.038411458333333565e-01
9.840000000000000000e+02,1.009114583333333565e-01
9.850000000000000000e+02,5.826822916666665741e-02
9.860000000000000000e+02,6.803385416666665741e-02
9.870000000000000000e+02,8.365885416666665741e-02
9.880000000000000000e+02,1.188151041666666435e-01
9.890000000000000000e+02,7.812500000000000000e-02
9.900000000000000000e+02,2.539062500000000000e-02
9.910000000000000000e+02,2.799479166666666435e-02
9.920000000000000000e+02,3.938802083333332871e-02
9.930000000000000000e+02,3.352864583333332871e-02
9.940000000000000000e+02,5.664062500000000694e-02
9.950000000000000000e+02,1.236979166666666574e-01
9.960000000000000000e+02,6.445312499999998612e-02
9.970000000000000000e+02,4.687499999999999306e-02
9.980000000000000000e+02,2.832031249999999653e-02
9.990000000000000000e+02,4.557291666666667129e-02
1.000000000000000000e+03,6.184895833333334259e-02
1.001000000000000000e+03,6.087239583333333565e-02
1.002000000000000000e+03,1.142578125000000139e-01
1.003000000000000000e+03,6.738281250000000000e-02
1.004000000000000000e+03,4.980468750000000000e-02
1.005000000000000000e+03,7.226562500000000000e-02
1.006000000000000000e+03,8.007812500000000000e-02
1.007000000000000000e+03,7.454427083333332871e-02
1.008000000000000000e+03,5.208333333333333565e-02
1.009000000000000000e+03,8.300781250000001388e-02
1.010000000000000000e+03,8.040364583333332871e-02
1.011000000000000000e+03,3.417968750000000000e-02
1.012000000000000000e+03,3.222656250000000000e-02
1.013000000000000000e+03,2.213541666666666435e-02
1.014000000000000000e+03,5.729166666666665741e-02
1.015000000000000000e+03,4.622395833333332871e-02
1.016000000000000000e+03,3.352864583333332871e-02
1.017000000000000000e+03,3.873697916666665741e-02
1.018000000000000000e+03,7.356770833333334259e-02
1.019000000000000000e+03,4.752604166666665741e-02
1.020000000000000000e+03,4.980468750000000694e-02
1.021000000000000000e+03,3.808593750000000694e-02
1.022000000000000000e+03,2.083333333333333565e-02
1.023000000000000000e+03,5.371093749999999306e-02
1.024000000000000000e+03,3.027343750000000347e-02
1.025000000000000000e+03,3.548177083333332871e-02
1.026000000000000000e+03,2.734374999999999653e-02
1.027000000000000000e+03,3.157552083333333565e-02
1.028000000000000000e+03,6.835937500000000000e-02
1.029000000000000000e+03,4.654947916666666435e-02
1.030000000000000000e+03,6.022135416666665741e-02
1.031000000000000000e+03,3.092447916666666435e-02
1.032000000000000000e+03,2.571614583333332871e-02
1.033000000000000000e+03,3.483072916666667129e-02
1.034000000000000000e+03,7.421875000000000000e-02
1.035000000000000000e+03,5.566406250000000000e-02
1.036000000000000000e+03,7.779947916666665741e-02
1.037000000000000000e+03,1.272786458333333148e-01
1.038000000000000000e+03,5.566406250000000000e-02
1.039000000000000000e+03,4.231770833333333565e-02
1.040000000000000000e+03,1.139322916666666713e-01
1.041000000000000000e+03,4.199218750000000000e-02
1.042000000000000000e+03,4.752604166666666435e-02
1.043000000000000000e+03,9.016927083333334259e-02
1.044000000000000000e+03,7.096354166666665741e-02
1.045000000000000000e+03,8.984375000000000000e-02
1.046000000000000000e+03,9.993489583333332871e-02
1.047000000000000000e+03,6.445312500000000000e-02
1.048000000000000000e+03,6.250000000000000000e-02
1.049000000000000000e+03,1.230468749999999861e-01
1.050000000000000000e+03,1.015625000000000139e-01
1.051000000000000000e+03,3.710937500000000000e-02
1.052000000000000000e+03,1.214192708333333287e-01
1.053000000000000000e+03,3.385416666666666435e-02
1.054000000000000000e+03,4.654947916666666435e-02
1.055000000000000000e+03,5.175781249999999306e-02
1.056000000000000000e+03,7.128906250000000000e-02
1.057000000000000000e+03,1.321614583333333148e-01
1.058000000000000000e+03,6.022135416666666435e-02
1.059000000000000000e+03,9.733072916666667129e-02
1.060000000000000000e+03,7.356770833333334259e-02
1.061000000000000000e+03,6.705729166666667129e-02
1.062000000000000000e+03,7.226562500000000000e-02
1.063000000000000000e+03,2.832031250000000000e-02
1.064000000000000000e+03,8.528645833333332871e-02
1.065000000000000000e+03,9.147135416666668517e-02
1.066000000000000000e+03,1.194661458333333426e-01
1.067000000000000000e+03,1.009114583333333426e-01
1.068000000000000000e+03,6.933593750000000000e-02
1.069000000000000000e+03,7.975260416666667129e-02
1.070000000000000000e+03,7.975260416666665741e-02
1.071000000000000000e+03,7.649739583333332871e-02
1.072000000000000000e+03,9.244791666666664354e-02
1.073000000000000000e+03,9.635416666666665741e-02
1.074000000000000000e+03,9.993489583333332871e-02
1.075000000000000000e+03,9.082031250000001388e-02
1.076000000000000000e+03,8.463541666666667129e-02
1.077000000000000000e+03,8.235677083333334259e-02
1.078000000000000000e+03,4.361979166666665741e-02
1.079000000000000000e+03,6.640625000000000000e-02
1.080000000000000000e+03,4.720052083333333565e-02
1.081000000000000000e+03,3.613281249999999306e-02
1.082000000000000000e+03,1.233723958333333565e-01
1.083000000000000000e+03,9.895833333333331483e-02
1.084000000000000000e+03,4.752604166666666435e-02
1.085000000000000000e+03,8.691406250000000000e-02
1.086000000000000000e+03,9.407552083333334259e-02
1.087000000000000000e+03,8.658854166666667129e-02
1.088000000000000000e+03,8.300781249999998612e-02
1.089000000000000000e+03,8.040364583333332871e-02
1.090000000000000000e+03,8.333333333333332871e-02
1.091000000000000000e+03,9.895833333333332871e-02
1.092000000000000000e+03,1.204427083333333287e-01
1.093000000000000000e+03,1.142578125000000139e-01
1.094000000000000000e+03,9.179687500000001388e-02
1.095000000000000000e+03,9.700520833333337034e-02
1.096000000000000000e+03,1.123046874999999861e-01
1.097000000000000000e+03,9.147135416666665741e-02
1.098000000000000000e+03,1.097005208333333426e-01
1.099000000000000000e+03,1.080729166666666713e-01
1.100000000000000000e+03,9.114583333333335646e-02
1.101000000000000000e+03,7.812500000000001388e-02
1.102000000000000000e+03,7.584635416666667129e-02
1.103000000000000000e+03,9.375000000000001388e-02
1.104000000000000000e+03,4.134114583333333565e-02
1.105000000000000000e+03,8.430989583333332871e-02
1.106000000000000000e+03,9.049479166666667129e-02
1.107000000000000000e+03,1.126302083333333287e-01
1.108000000000000000e+03,1.035156249999999861e-01
1.109000000000000000e+03,6.705729166666665741e-02
1.110000000000000000e+03,1.266276041666666852e-01
1.111000000000000000e+03,6.510416666666667129e-02
1.112000000000000000e+03,6.347656250000000000e-02
1.113000000000000000e+03,1.061197916666666713e-01
1.114000000000000000e+03,7.779947916666667129e-02
1.115000000000000000e+03,5.403645833333334259e-02
1.116000000000000000e+03,4.459635416666666435e-02
1.117000000000000000e+03,9.179687500000001388e-02
1.118000000000000000e+03,1.425781250000000000e-01
1.119000000000000000e+03,1.207682291666666574e-01
1.120000000000000000e+03,1.031901041666666852e-01
1.121000000000000000e+03,9.472656249999998612e-02
1.122000000000000000e+03,1.624348958333333426e-01
1.123000000000000000e+03,1.643880208333333426e-01
1.124000000000000000e+03,9.537760416666665741e-02
1.125000000000000000e+03,6.770833333333334259e-02
1.126000000000000000e+03,1.149088541666666852e-01
1.127000000000000000e+03,8.723958333333332871e-02
1.128000000000000000e+03,8.235677083333332871e-02
1.129000000000000000e+03,6.673177083333332871e-02
1.130000000000000000e+03,8.007812500000000000e-02
1.131000000000000000e+03,5.696614583333333565e-02
1.132000000000000000e+03,8.528645833333332871e-02
1.133000000000000000e+03,9.537760416666667129e-02
1.134000000000000000e+03,1.370442708333333148e-01
1.135000000000000000e+03,1.269531250000000000e-01
1.136000000000000000e+03,1.315104166666666852e-01
1.137000000000000000e+03,1.028645833333333287e-01
1.138000000000000000e+03,1.077473958333333287e-01
1.139000000000000000e+03,1.175130208333333426e-01
1.140000000000000000e+03,1.158854166666666574e-01
1.141000000000000000e+03,1.474609375000000000e-01
1.142000000000000000e+03,1.634114583333333148e-01
1.143000000000000000e+03,1.139322916666666435e-01
1.144000000000000000e+03,8.821614583333332871e-02
1.145000000000000000e+03,7.584635416666667129e-02
1.146000000000000000e+03,8.854166666666667129e-02
1.147000000000000000e+03,8.203125000000001388e-02
1.148000000000000000e+03,1.025390625000000139e-01
1.149000000000000000e+03,1.337890624999999722e-01
1.150000000000000000e+03,9.667968749999998612e-02
1.151000000000000000e+03,1.083984375000000139e-01
1.152000000000000000e+03,8.040364583333332871e-02
1.153000000000000000e+03,1.396484374999999722e-01
1.154000000000000000e+03,8.789062500000000000e-02
1.155000000000000000e+03,1.061197916666666435e-01
1.156000000000000000e+03,1.276041666666666852e-01
1.157000000000000000e+03,9.570312499999998612e-02
1.158000000000000000e+03,1.546223958333333426e-01
1.159000000000000000e+03,1.018880208333333426e-01
1.160000000000000000e+03,1.341145833333333148e-01
1.161000000000000000e+03,1.289062500000000278e-01
1.162000000000000000e+03,8.886718750000000000e-02
1.163000000000000000e+03,9.602864583333334259e-02
1.164000000000000000e+03,7.259114583333332871e-02
1.165000000000000000e+03,9.798177083333332871e-02
1.166000000000000000e+03,1.100260416666666852e-01
1.167000000000000000e+03,9.667968750000000000e-02
1.168000000000000000e+03,1.468098958333333426e-01
1.169000000000000000e+03,1.914062499999999722e-01
1.170000000000000000e+03,1.220703125000000139e-01
1.171000000000000000e+03,1.416015625000000555e-01
1.172000000000000000e+03,1.152343749999999722e-01
1.173000000000000000e+03,6.217447916666665741e-02
1.174000000000000000e+03,1.100260416666666574e-01
1.175000000000000000e+03,1.448567708333333426e-01
1.176000000000000000e+03,9.440104166666667129e-02
1.177000000000000000e+03,1.503906250000000278e-01
1.178000000000000000e+03,1.731770833333333426e-01
1.179000000000000000e+03,1.865234375000000000e-01
1.180000000000000000e+03,2.252604166666666574e-01
1.181000000000000000e+03,2.041015625000000000e-01
1.182000000000000000e+03,2.373046875000000278e-01
1.183000000000000000e+03,2.285156250000000555e-01
1.184000000000000000e+03,2.070312500000000000e-01
1.185000000000000000e+03,2.106119791666666019e-01
1.186000000000000000e+03,2.233072916666666574e-01
1.187000000000000000e+03,1.803385416666666297e-01
1.188000000000000000e+03,1.555989583333333426e-01
1.189000000000000000e+03,2.304687499999999722e-01
1.190000000000000000e+03,2.548828124999999445e-01
1.191000000000000000e+03,1.956380208333332871e-01
1.192000000000000000e+03,2.633463541666667407e-01
1.193000000000000000e+03,1.992187499999999445e-01
1.194000000000000000e+03,1.497395833333333148e-01
1.195000000000000000e+03,2.620442708333332593e-01
1.196000000000000000e+03,3.251953125000000555e-01
1.197000000000000000e+03,1.878255208333332871e-01
1.198000000000000000e+03,1.432291666666666297e-01
1.199000000000000000e+03,2.106119791666667129e-01
1.200000000000000000e+03,1.536458333333333426e-01
1.201000000000000000e+03,2.005208333333332871e-01
1.202000000000000000e+03,1.637369791666666297e-01
1.203000000000000000e+03,1.787109375000000000e-01
1.204000000000000000e+03,2.584635416666666297e-01
1.205000000000000000e+03,1.604817708333333703e-01
1.206000000000000000e+03,1.917317708333333148e-01
1.207000000000000000e+03,2.578125000000000000e-01
1.208000000000000000e+03,1.819661458333333703e-01
1.209000000000000000e+03,1.477864583333333148e-01
1.210000000000000000e+03,1.562499999999999722e-01
1.211000000000000000e+03,3.160807291666666852e-01
1.212000000000000000e+03,2.630208333333333703e-01
1.213000000000000000e+03,1.722005208333333426e-01
1.214000000000000000e+03,2.571614583333333148e-01
1.215000000000000000e+03,3.574218750000000555e-01
1.216000000000000000e+03,2.675781249999999445e-01
1.217000000000000000e+03,2.109374999999999445e-01
1.218000000000000000e+03,1.910807291666666574e-01
1.219000000000000000e+03,3.121744791666665741e-01
1.220000000000000000e+03,2.744140625000000555e-01
1.221000000000000000e+03,2.832031250000000000e-01
1.222000000000000000e+03,3.343098958333333703e-01
1.223000000000000000e+03,2.063802083333332871e-01
1.224000000000000000e+03,1.754557291666666297e-01
1.225000000000000000e+03,1.917317708333333148e-01
1.226000000000000000e+03,2.180989583333332871e-01
1.227000000000000000e+03,3.105468749999999445e-01
1.228000000000000000e+03,2.340494791666666574e-01
1.229000000000000000e+03,2.871093750000000555e-01
1.230000000000000000e+03,2.972005208333333148e-01
1.231000000000000000e+03,2.877604166666666297e-01
1.232000000000000000e+03,2.750651041666667407e-01
1.233000000000000000e+03,3.209635416666666852e-01
1.234000000000000000e+03,3.850911458333333703e-01
1.235000000000000000e+03,2.500000000000000000e-01
1.236000000000000000e+03,2.307942708333333703e-01
1.237000000000000000e+03,3.033854166666666297e-01
1.238000000000000000e+03,2.496744791666667407e-01
1.239000000000000000e+03,3.115234375000001110e-01
1.240000000000000000e+03,3.916015624999999445e-01
1.241000000000000000e+03,2.630208333333334259e-01
1.242000000000000000e+03,2.454427083333333426e-01
1.243000000000000000e+03,2.167968749999999445e-01
1.244000000000000000e+03,2.141927083333333981e-01
1.245000000000000000e+03,2.877604166666665741e-01
1.246000000000000000e+03,2.210286458333333148e-01
1.247000000000000000e+03,2.652994791666666852e-01
1.248000000000000000e+03,2.412109374999999167e-01
1.249000000000000000e+03,3.678385416666666297e-01
1.250000000000000000e+03,2.919921875000000000e-01
1.251000000000000000e+03,1.702473958333333148e-01
1.252000000000000000e+03,3.356119791666667962e-01
1.253000000000000000e+03,3.124999999999999445e-01
1.254000000000000000e+03,2.962239583333334259e-01
1.255000000000000000e+03,3.063151041666665741e-01
1.256000000000000000e+03,2.356770833333332871e-01
1.257000000000000000e+03,2.600911458333333703e-01
1.258000000000000000e+03,3.763020833333334259e-01
1.259000000000000000e+03,4.169921874999999445e-01
1.260000000000000000e+03,3.017578125000000555e-01
1.261000000000000000e+03,1.552734375000000278e-01
1.262000000000000000e+03,2.298177083333333426e-01
1.263000000000000000e+03,2.783203124999999445e-01
1.264000000000000000e+03,2.861328125000000555e-01
1.265000000000000000e+03,3.138020833333333148e-01
1.266000000000000000e+03,2.581380208333333148e-01
1.267000000000000000e+03,2.581380208333333148e-01
1.268000000000000000e+03,3.248697916666666297e-01
1.269000000000000000e+03,3.294270833333332593e-01
1.270000000000000000e+03,2.356770833333333148e-01
1.271000000000000000e+03,3.583984374999999445e-01
1.272000000000000000e+03,5.270182291666666297e-01
1.273000000000000000e+03,3.593750000000000555e-01
1.274000000000000000e+03,3.261718750000000000e-01
1.275000000000000000e+03,3.678385416666667407e-01
1.276000000000000000e+03,4.726562499999999445e-01
1.277000000000000000e+03,4.690755208333333148e-01
1.278000000000000000e+03,3.430989583333334259e-01
1.279000000000000000e+03,4.007161458333333148e-01
